Facility_Name,City,State,Beds,Ownership,Part,NPI,NPI_Legal_Name,Phone,Address,ZIP,Specialty,Medicare_ID,Has_AHD_Data,AHD_URL
Alabama Clinical Schools,Birmingham,AL,80,OWNED,1,,,,,,,,No,https://www.ahd.com/search.php?search=Alabama+Clinical+Schools+AL
Alliance Health Center,Meridian,MS,214,OWNED,1,1366601874,ALLIANCE HEALTH CENTER,601-483-6211,5000 HWY 39 N,39301,Medicare Defined Swing Bed Unit,250151,Yes,https://www.ahd.com/free_profile/250151/Alliance-Health-Center/Meridian/MS/
Anchor Hospital,Atlanta,GA,122,OWNED,1,1023095429,UHS OF ANCHOR L.P.,770-991-6044,5454 YORKTOWN DRIVE,30349,Psychiatric Hospital,114023,Yes,https://www.ahd.com/free_profile/114023/Anchor-Hospital/Atlanta/GA/
Arbour Hospital,Jamaica Plain,MA,142,OWNED,1,1194071803,ARBOUR COUNSELING SERVICES,617-524-1120,49 ROBINWOOD AVE,02130,"Counselor, Mental Health",224001,Yes,https://www.ahd.com/free_profile/224001/Arbour-Hospital/Jamaica-Plain/MA/
Arrowhead Behavioral Health,Maumee,OH,48,OWNED,1,1538587126,ARROWHEAD BEHAVIORAL HEALTH,419-891-9333,1725 TIMBER LINE RD,43537,"Psychiatry & Neurology, Psychiatry",,No,https://www.ahd.com/search.php?search=Arrowhead+Behavioral+Health+OH
Aspen Grove Behavioral Hospital,Orem,UT,80,OWNED,1,,,,,,,,No,https://www.ahd.com/search.php?search=Aspen+Grove+Behavioral+Hospital+UT
Austin Oaks Hospital,Austin,TX,80,OWNED,1,1366442550,TEXAS OAKS PSYCHIATRIC HOSPITAL LP,512-464-0200,1407 W STASSNEY LN,78745,Psychiatric Residential Treatment Facility,454097,Yes,https://www.ahd.com/free_profile/454097/Austin-Oaks-Hospital/Austin/TX/
Beaumont Behavioral Health,Dearborn,MI,144,LEASED,1,,,,,,,,No,https://www.ahd.com/search.php?search=Beaumont+Behavioral+Health+MI
Behavioral Hospital of Bellaire,Houston,TX,124,LEASED,1,1538886932,"BEHAVIORAL HEALTH MANAGEMENT, LLC",713-600-9500,5314 DASHWOOD DR,77081,"Nurse Practitioner, Psych/Mental Health",674043,Yes,https://www.ahd.com/free_profile/674043/Behavioral-Hospital-of-Bellaire/Houston/TX/
Belmont Pines Hospital,Youngstown,OH,127,OWNED,1,1245781095,BHC BELMONT PINES HOSPITAL INC,330-759-2700,2282 REEVES RD NE,44483,Psychiatric Residential Treatment Facility,,No,https://www.ahd.com/search.php?search=Belmont+Pines+Hospital+OH
Benchmark Behavioral Health Systems,Woods Cross,UT,94,OWNED,1,1407832249,"BENCHMARK BEHAVIORAL HEALTH SYSTEM, INC.",801-299-5300,592 W 1350 S,84010,Psychiatric Hospital,,No,https://www.ahd.com/search.php?search=Benchmark+Behavioral+Health+Systems+UT
BHC Alhambra Hospital,Rosemead,CA,115,OWNED,1,1811430614,BHC ALHAMBRA HOSPITAL,626-286-1191,4619 N. ROSEMEAD BLVD,91770,Psychiatric Residential Treatment Facility,054076,Yes,https://www.ahd.com/free_profile/054076/BHC-Alhambra-Hospital/Rosemead/CA/
Black Bear Lodge,Sautee Nacoochee,GA,115,OWNED,1,,,,,,,,No,https://www.ahd.com/search.php?search=Black+Bear+Lodge+GA
Bloomington Meadows Hospital,Bloomington,IN,78,OWNED,1,1891796108,BLOOMINGTON MEADOWS GP,812-331-8000,3600 N PROW RD,47404,Psychiatric Hospital,,No,https://www.ahd.com/search.php?search=Bloomington+Meadows+Hospital+IN
Brentwood Behavioral Healthcare,Flowood,MS,133,OWNED,1,1528273919,BRENTWOOD ACQUISITION,,3531 LAKELAND DR,39232,"Psychiatry & Neurology, Psychiatry",,No,https://www.ahd.com/search.php?search=Brentwood+Behavioral+Healthcare+MS
Brentwood Hospital,Shreveport,LA,260,OWNED,1,1417979204,BRENTWOOD ACQUISITION-SHREVEPORT INC.,318-678-7500,1006 HIGHLAND AVE,71101,"Psychiatry & Neurology, Psychiatry",194049,Yes,https://www.ahd.com/free_profile/194049/Brentwood-Hospital/Shreveport/LA/
The Bridgeway,North Little Rock,AR,127,OWNED,1,,,,,,,,No,https://www.ahd.com/search.php?search=The+Bridgeway+AR
The Brook Hospital—Dupont,Louisville,KY,88,OWNED,1,,,,,,,,No,https://www.ahd.com/search.php?search=The+Brook+Hospital—Dupont+KY
The Brook Hospital—KMI,Louisville,KY,110,OWNED,1,,,,,,,,No,https://www.ahd.com/search.php?search=The+Brook+Hospital—KMI+KY
Brooke Glen Behavioral Hospital,Fort Washington,PA,146,OWNED,1,,,,,,,,No,https://www.ahd.com/search.php?search=Brooke+Glen+Behavioral+Hospital+PA
Brynn Marr Hospital,Jacksonville,NC,102,OWNED,1,1992701486,BRYNN MARR HOSPITAL INC,910-577-1400,192 VILLAGE DR,28546,Psychiatric Hospital,,No,https://www.ahd.com/search.php?search=Brynn+Marr+Hospital+NC
Calvary Healing Center,Phoenix,AZ,68,OWNED,1,1679151203,CALVARY CENTER INC,602-535-3384,1730 E MCNAIR DR,85283,"Clinic/Center, Rehabilitation",,No,https://www.ahd.com/search.php?search=Calvary+Healing+Center+AZ
Canyon Creek Behavioral Health,Temple,TX,102,LEASED,1,,,,,,,,No,https://www.ahd.com/search.php?search=Canyon+Creek+Behavioral+Health+TX
Canyon Ridge Hospital,Chino,CA,157,OWNED,1,,,,,,,,No,https://www.ahd.com/search.php?search=Canyon+Ridge+Hospital+CA
The Carolina Center for Behavioral Health,Greer,SC,156,OWNED,1,,,,,,,,No,https://www.ahd.com/search.php?search=The+Carolina+Center+for+Behavioral+Health+SC
Cedar Creek Hospital,St. Johns,MI,69,OWNED,1,,,,,,,,No,https://www.ahd.com/search.php?search=Cedar+Creek+Hospital+MI
Cedar Hills Hospital,Portland,OR,98,OWNED,1,,,,,,,,No,https://www.ahd.com/search.php?search=Cedar+Hills+Hospital+OR
Cedar Ridge Behavioral Hospital,Oklahoma City,OK,60,OWNED,1,,,,,,,,No,https://www.ahd.com/search.php?search=Cedar+Ridge+Behavioral+Hospital+OK
Cedar Ridge Behavioral Hospital at Bethany,Bethany,OK,56,OWNED,1,,,,,,,,No,https://www.ahd.com/search.php?search=Cedar+Ridge+Behavioral+Hospital+at+Bethany+OK
Cedar Ridge Residential Treatment Center,Oklahoma City,OK,56,OWNED,1,,,,,,,,No,https://www.ahd.com/search.php?search=Cedar+Ridge+Residential+Treatment+Center+OK
Cedar Springs Hospital,Colorado Springs,CO,110,OWNED,1,1972980027,CEDAR SPRINGS HOSPITAL,719-329-5350,2135 SOUTHGATE RD,80906,Pharmacy,064018,Yes,https://www.ahd.com/free_profile/064018/Cedar-Springs-Hospital/Colorado-Springs/CO/
Centennial Peaks Hospital,Louisville,CO,104,OWNED,1,1760623888,UHS OF CENTENNIAL PEAKS LLC,303-673-9990,2255 S 88TH ST,80027,Psychiatric Hospital,064026,Yes,https://www.ahd.com/free_profile/064026/Centennial-Peaks-Hospital/Louisville/CO/
Center for Change,Orem,UT,66,OWNED,1,,,,,,,,No,https://www.ahd.com/search.php?search=Center+for+Change+UT
Central Florida Behavioral Hospital,Orlando,FL,174,OWNED,1,,,,,,,104084,Yes,https://www.ahd.com/free_profile/104084/Central-Florida-Behavioral-Hospital/Orlando/FL/
Clarion Psychiatric Center,Clarion,PA,112,OWNED,1,,,,,,,,No,https://www.ahd.com/search.php?search=Clarion+Psychiatric+Center+PA
Clive Behavioral Health,Clive,IA,100,LEASED,1,,,,,,,,No,https://www.ahd.com/search.php?search=Clive+Behavioral+Health+IA
Coastal Behavioral Health,Savannah,GA,50,OWNED,1,,,,,,,,No,https://www.ahd.com/search.php?search=Coastal+Behavioral+Health+GA
Coastal Harbor Treatment Center,Savannah,GA,145,OWNED,1,,,,,,,,No,https://www.ahd.com/search.php?search=Coastal+Harbor+Treatment+Center+GA
Columbus Behavioral Center for Children and Adolescents,Columbus,IN,57,OWNED,1,1275580003,"COLUMBUS HOSPITAL, LLC",812-376-1771,2223 POSHARD RD,47203,"Counselor, Mental Health",,No,https://www.ahd.com/search.php?search=Columbus+Behavioral+Center+for+Children+and+Adolescents+IN
Compass Intervention Center,Memphis,TN,148,OWNED,1,,,,,,,,No,https://www.ahd.com/search.php?search=Compass+Intervention+Center+TN
Copper Hills Youth Center,West Jordan,UT,164,OWNED,1,,,,,,,,No,https://www.ahd.com/search.php?search=Copper+Hills+Youth+Center+UT
Coral Shores Behavioral Health,Stuart,FL,80,OWNED,1,1366895096,"CORAL SHORES BEHAVIORAL HEALTH, LLC",561-744-0211,5995 SE COMMUNITY DR,34997,"Psychiatry & Neurology, Psychiatry",104085,Yes,https://www.ahd.com/free_profile/104085/Coral-Shores-Behavioral-Health/Stuart/FL/
Cumberland Hall Hospital,Hopkinsville,KY,97,OWNED,1,,,,,,,,No,https://www.ahd.com/search.php?search=Cumberland+Hall+Hospital+KY
Cumberland Hospital for Children and Adolescents,New Kent,VA,108,OWNED,1,,,,,,,,No,https://www.ahd.com/search.php?search=Cumberland+Hospital+for+Children+and+Adolescents+VA
Cypress Creek Hospital,Houston,TX,128,OWNED,1,,,,,,,454084,Yes,https://www.ahd.com/free_profile/454084/Cypress-Creek-Hospital/Houston/TX/
Del Amo Behavioral Health System,Torrance,CA,166,OWNED,1,1245203447,"DEL AMO HOSPITAL, INC",310-530-1151,23700 CAMINO DEL SOL,90505,Psychiatric Hospital,054076,Yes,https://www.ahd.com/free_profile/054076/Del-Amo-Behavioral-Health-System/Torrance/CA/
Diamond Grove Center,Louisville,MS,61,OWNED,1,1619000593,DIAMOND GROVE CENTER,662-779-0119,2311 HIGHWAY 15 S,39339,"Pharmacy, Institutional Pharmacy",,No,https://www.ahd.com/search.php?search=Diamond+Grove+Center+MS
Dover Behavioral Health System,Dover,DE,104,OWNED,1,1811289267,UHS OF DOVER LLC,302-744-7688,725 HORSEPOND RD,19901,Internal Medicine,,No,https://www.ahd.com/search.php?search=Dover+Behavioral+Health+System+DE
El Paso Behavioral Health System,El Paso,TX,166,OWNED,1,1386779304,"UNIVERSITY BEHAVIORAL HEALTH OF EL PASO, LLC",915-544-4000,1900 DENVER AVE,79902,Psychiatric Hospital,,No,https://www.ahd.com/search.php?search=El+Paso+Behavioral+Health+System+TX
Emerald Coast Behavioral Hospital,Panama City,FL,86,OWNED,1,1932742491,EMERALD COAST BEHAVIORAL HOSPITAL LLC,850-763-0017,1940 HARRISON AVE,32405,"Psychiatry & Neurology, Psychiatry",104082,Yes,https://www.ahd.com/free_profile/104082/Emerald-Coast-Behavioral-Hospital/Panama-City/FL/
Fairfax,Kirkland,WA,157,OWNED,1,,,,,,,,No,https://www.ahd.com/search.php?search=Fairfax+WA
Fairfax Behavioral Health,Kirkland,WA,157,OWNED,1,,,,,,,,No,https://www.ahd.com/search.php?search=Fairfax+Behavioral+Health+WA
Fairfax Behavioral Health—Everett,Everett,WA,30,LEASED,1,,,,,,,,No,https://www.ahd.com/search.php?search=Fairfax+Behavioral+Health—Everett+WA
Fairfax Behavioral Health—Monroe,Monroe,WA,34,LEASED,1,,,,,,,,No,https://www.ahd.com/search.php?search=Fairfax+Behavioral+Health—Monroe+WA
Fairmount Behavioral Health System,Philadelphia,PA,239,OWNED,1,,,,,,,394024,Yes,https://www.ahd.com/free_profile/394024/Fairmount-Behavioral-Health-System/Philadelphia/PA/
Forest View Hospital,Grand Rapids,MI,108,OWNED,1,,,,,,,234041,Yes,https://www.ahd.com/free_profile/234041/Forest-View-Hospital/Grand-Rapids/MI/
Fort Lauderdale Behavioral Health Center,Fort Lauderdale,FL,182,OWNED,1,,,,,,,,No,https://www.ahd.com/search.php?search=Fort+Lauderdale+Behavioral+Health+Center+FL
Foundations Behavioral Health,Doylestown,PA,122,LEASED,1,1629007752,DELAWARE VALLEY MENTAL HEALTH FOUNDATIONS,215-345-0444,833 E BUTLER AVE,18901,Psychiatric Hospital,,No,https://www.ahd.com/search.php?search=Foundations+Behavioral+Health+PA
Foundations for Living,Mansfield,OH,84,OWNED,1,1134388739,FOUNDATIONS FOR LIVING,419-589-5511,1451 LUCAS RD,44903,"Community Based Residential Treatment Facility, Mental Illness",,No,https://www.ahd.com/search.php?search=Foundations+for+Living+OH
Fox Run Center,St. Clairsville,OH,100,OWNED,1,,,,,,,,No,https://www.ahd.com/search.php?search=Fox+Run+Center+OH
Fremont Hospital,Fremont,CA,148,OWNED,1,1245346741,BHC FREMONT HOSPITAL INC,510-796-1100,39001 SUNDALE DR,94538,Psychiatric Hospital,,No,https://www.ahd.com/search.php?search=Fremont+Hospital+CA
Friends Hospital,Philadelphia,PA,219,OWNED,1,,,,,,,394003,Yes,https://www.ahd.com/free_profile/394003/Friends-Hospital/Philadelphia/PA/
Fuller Hospital,Attleboro,MA,109,OWNED,1,,,,,,,,No,https://www.ahd.com/search.php?search=Fuller+Hospital+MA
Garfield Park Behavioral Hospital,Chicago,IL,88,OWNED,1,,,,,,,,No,https://www.ahd.com/search.php?search=Garfield+Park+Behavioral+Hospital+IL
Glen Oaks Hospital,Greenville,TX,54,OWNED,1,,,,,,,,No,https://www.ahd.com/search.php?search=Glen+Oaks+Hospital+TX
Granite Hills Hospital,West Allis,WI,120,LEASED,1,,,,,,,,No,https://www.ahd.com/search.php?search=Granite+Hills+Hospital+WI
Gulf Coast Treatment Center,Fort Walton Beach,FL,28,OWNED,1,1700985462,GULF COAST TREATMENT CENTER,850-863-4160,1015 MAR WALT DRIVE,32547,Psychiatric Hospital,,No,https://www.ahd.com/search.php?search=Gulf+Coast+Treatment+Center+FL
Gulfport Behavioral Health System,Gulfport,MS,109,OWNED,1,,,,,,,,No,https://www.ahd.com/search.php?search=Gulfport+Behavioral+Health+System+MS
Hampton Behavioral Health Center,Westampton,NJ,120,OWNED,1,1437370715,"UHS OF HAMPTON, INC",609-267-7000,650 RANCOCAS RD,08060,"Psychiatry & Neurology, Psychiatry",,No,https://www.ahd.com/search.php?search=Hampton+Behavioral+Health+Center+NJ
Harbor Point Behavioral Health Center,Portsmouth,VA,186,OWNED,1,1275564361,HARBOR POINT BEHAVIORAL HEALTH CENTER INC,757-391-6699,301 FORT LN,23704,Psychiatric Residential Treatment Facility,,No,https://www.ahd.com/search.php?search=Harbor+Point+Behavioral+Health+Center+VA
Hartgrove Behavioral Health System,Chicago,IL,160,OWNED,1,,,,,,,,No,https://www.ahd.com/search.php?search=Hartgrove+Behavioral+Health+System+IL
Havenwyck Hospital,Auburn Hills,MI,253,OWNED,1,,,,,,,234201,Yes,https://www.ahd.com/free_profile/234201/Havenwyck-Hospital/Auburn-Hills/MI/
Heartland Behavioral Health Services,Nevada,MO,137,OWNED,1,,,,,,,,No,https://www.ahd.com/search.php?search=Heartland+Behavioral+Health+Services+MO
Heritage Oaks Hospital,Sacramento,CA,125,OWNED,1,1083709653,BHC HERITAGE OAKS HOSPITAL INC.,916-489-3336,4250 AUBURN BLVD.,95841,Psychiatric Hospital,,No,https://www.ahd.com/search.php?search=Heritage+Oaks+Hospital+CA
Heritage Oaks Patient Enrichment Center,Sacramento,CA,16,OWNED,1,,,,,,,,No,https://www.ahd.com/search.php?search=Heritage+Oaks+Patient+Enrichment+Center+CA
Hermitage Hall,Nashville,TN,111,OWNED,1,,,,,,,,No,https://www.ahd.com/search.php?search=Hermitage+Hall+TN
Hickory Trail Hospital,DeSoto,TX,86,OWNED,1,1467965905,"HICKORY TRAIL HOSPITAL, L.P.",,2000 OLD HICKORY TRL,75115,"Psychiatry & Neurology, Behavioral Neurology & Neuropsychiatry",674055,Yes,https://www.ahd.com/free_profile/674055/Hickory-Trail-Hospital/DeSoto/TX/
Highlands Behavioral Health System,Littleton,CO,86,OWNED,1,,,,,,,,No,https://www.ahd.com/search.php?search=Highlands+Behavioral+Health+System+CO
Hill Crest Behavioral Health Services,Birmingham,AL,221,OWNED,1,1073700498,HILL CREST BEHAVIORAL HEALTH SERVICES,800-292-8553,6869 5TH AVE S,35212,Psychiatric Hospital,,No,https://www.ahd.com/search.php?search=Hill+Crest+Behavioral+Health+Services+AL
Holly Hill Hospital,Raleigh,NC,296,OWNED,1,1184842544,HOLLY HILL HOSPITAL,919-250-7000,3019 FALSTAFF RD,27610,Psychiatric Hospital,,No,https://www.ahd.com/search.php?search=Holly+Hill+Hospital+NC
The Horsham Clinic,Ambler,PA,206,OWNED,1,,,,,,,,No,https://www.ahd.com/search.php?search=The+Horsham+Clinic+PA
HRI Hospital,Brookline,MA,66,OWNED,1,1518938174,"HRI HOSPITAL, INC",617-731-3200,227 BABCOCK ST,02446,Psychiatric Hospital,,No,https://www.ahd.com/search.php?search=HRI+Hospital+MA
The Hughes Center,Danville,VA,96,OWNED,1,,,,,,,,No,https://www.ahd.com/search.php?search=The+Hughes+Center+VA
Inland Northwest Behavioral Health,Spokane,WA,100,OWNED,1,,,,,,,,No,https://www.ahd.com/search.php?search=Inland+Northwest+Behavioral+Health+WA
Intermountain Hospital,Boise,ID,155,OWNED,1,,,,,,,,No,https://www.ahd.com/search.php?search=Intermountain+Hospital+ID
Kempsville Center for Behavioral Health,Norfolk,VA,106,OWNED,1,1942231063,HARBOR POINT BEHAVIORAL HEALTH CENTER INC,757-461-4565,860 KEMPSVILLE RD,23502,Psychiatric Residential Treatment Facility,,No,https://www.ahd.com/search.php?search=Kempsville+Center+for+Behavioral+Health+VA
KeyStone Center,Chester,PA,153,OWNED,1,,,,,,,,No,https://www.ahd.com/search.php?search=KeyStone+Center+PA
Kingwood Pines Hospital,Kingwood,TX,116,OWNED,1,,,,,,,454104,Yes,https://www.ahd.com/free_profile/454104/Kingwood-Pines-Hospital/Kingwood/TX/
La Amistad Behavioral Health Services,Maitland,FL,85,OWNED,1,,,,,,,,No,https://www.ahd.com/search.php?search=La+Amistad+Behavioral+Health+Services+FL
Lakeside Behavioral Health System,Memphis,TN,373,OWNED,1,1083687651,UHS OF LAKESIDE LLC,901-377-4700,2911 BRUNSWICK RD,38133,Psychiatric Hospital,,No,https://www.ahd.com/search.php?search=Lakeside+Behavioral+Health+System+TN
Lancaster Behavioral Health Hospital,Lancaster,PA,126,OWNED,1,1063929115,LANCASTER BEHAVIORAL HEALTH HOSPITAL LLC,610-768-3300,333 HARRISBURG AVE,17603,Psychiatric Hospital,,No,https://www.ahd.com/search.php?search=Lancaster+Behavioral+Health+Hospital+PA
Laurel Heights Hospital,Atlanta,GA,132,OWNED,1,1306913736,"UHS OF LAUREL HEIGHTS, LP",404-888-7860,934 BRIARCLIFF RD NE,30306,Psychiatric Hospital,,No,https://www.ahd.com/search.php?search=Laurel+Heights+Hospital+GA
Laurel Oaks Behavioral Health Center,Dothan,AL,118,OWNED,1,1184197493,LAUREL OAKS BEHAVIORAL HEALTH CENTER INC,334-794-7373,700 E COTTONWOOD RD,36301,Psychiatric Residential Treatment Facility,,No,https://www.ahd.com/search.php?search=Laurel+Oaks+Behavioral+Health+Center+AL
Laurel Ridge Treatment Center,San Antonio,TX,330,OWNED,1,1043280951,TEXAS LAUREL RIDGE HOSPITAL LP,210-491-9400,17720 CORPORATE WOODS DR,78259,Psychiatric Residential Treatment Facility,454055,Yes,https://www.ahd.com/free_profile/454055/Laurel-Ridge-Treatment-Center/San-Antonio/TX/
Liberty Point Behavioral Healthcare,Stauton,VA,42,OWNED,1,,,,,,,,No,https://www.ahd.com/search.php?search=Liberty+Point+Behavioral+Healthcare+VA
Lighthouse Behavioral Health Hospital,Conway,SC,105,OWNED,1,,,,,,,,No,https://www.ahd.com/search.php?search=Lighthouse+Behavioral+Health+Hospital+SC
Lighthouse Care Center of Augusta,Augusta,GA,82,OWNED,1,,,,,,,,No,https://www.ahd.com/search.php?search=Lighthouse+Care+Center+of+Augusta+GA
Lincoln Prairie Behavioral Health Center,Springfield,IL,97,OWNED,1,,,,,,,,No,https://www.ahd.com/search.php?search=Lincoln+Prairie+Behavioral+Health+Center+IL
Lincoln Trail Behavioral Health System,Radcliff,KY,140,OWNED,1,,,,,,,,No,https://www.ahd.com/search.php?search=Lincoln+Trail+Behavioral+Health+System+KY
Mayhill Hospital,Denton,TX,59,LEASED,1,1447331418,DENTON REHABILITATION HOSPITAL LP,940-239-3000,2809 S MAYHILL RD,76208,Rehabilitation Unit,674054,Yes,https://www.ahd.com/free_profile/674054/Mayhill-Hospital/Denton/TX/
McDowell Center for Children,Dyersburg,TN,32,OWNED,1,,,,,,,,No,https://www.ahd.com/search.php?search=McDowell+Center+for+Children+TN
The Meadows Psychiatric Center,Centre Hall,PA,119,OWNED,2,,,,,,,394055,Yes,https://www.ahd.com/free_profile/394055/The-Meadows-Psychiatric-Center/Centre-Hall/PA/
Meridell Achievement Center,Liberty Hill,TX,134,OWNED,2,1801863311,MERIDELL ACHIEVEMENT CENTER,512-528-2100,12550 W HWY 29,78642,Psychiatric Residential Treatment Facility,,No,https://www.ahd.com/search.php?search=Meridell+Achievement+Center+TX
Mesilla Valley Hospital,Las Cruces,NM,120,OWNED,2,1841205671,BHC MESILLA VALLEY HOSPITAL LLC,575-382-3500,3751 DEL REY BLVD,88012,Psychiatric Residential Treatment Facility,324002,Yes,https://www.ahd.com/free_profile/324002/Mesilla-Valley-Hospital/Las-Cruces/NM/
Michael's House,Palm Springs,CA,60,OWNED,2,,,,,,,,No,https://www.ahd.com/search.php?search=Michael's+House+CA
Michiana Behavioral Health,Plymouth,IN,83,OWNED,2,,,,,,,,No,https://www.ahd.com/search.php?search=Michiana+Behavioral+Health+IN
Midwest Center for Youth and Families,Kouts,IN,75,OWNED,2,,,,,,,,No,https://www.ahd.com/search.php?search=Midwest+Center+for+Youth+and+Families+IN
Millwood Hospital,Arlington,TX,134,LEASED,2,,,,,,,454089,Yes,https://www.ahd.com/free_profile/454089/Millwood-Hospital/Arlington/TX/
Mountain Youth Academy,Mountain City,TN,122,OWNED,2,1083832117,MOUNTAIN YOUTH ACADEMY,423-727-9898,332 HOSPITAL RD,37683,"Residential Treatment Facility, Intellectual and/or Developmental Disabilities",,No,https://www.ahd.com/search.php?search=Mountain+Youth+Academy+TN
Newport News Behavioral Health Center,Newport News,VA,132,OWNED,2,1306389184,KEYSTONE NEWPORT NEWS,757-888-0400,17579 WARWICK BLVD,23603,Psychiatric Hospital,494016,Yes,https://www.ahd.com/free_profile/494016/Newport-News-Behavioral-Health-Center/Newport-News/VA/
North Spring Behavioral Healthcare,Leesburg,VA,127,LEASED,2,,,,,,,,No,https://www.ahd.com/search.php?search=North+Spring+Behavioral+Healthcare+VA
North Star Hospital,Anchorage,AK,74,OWNED,2,,,,,,,024001,Yes,https://www.ahd.com/free_profile/024001/North-Star-Hospital/Anchorage/AK/
Chris Kyle Patriots Hospital,Anchorage,AK,66,OWNED,2,,,,,,,,No,https://www.ahd.com/search.php?search=Chris+Kyle+Patriots+Hospital+AK
North Star DeBarr Residential Treatment Center,Anchorage,AK,30,OWNED,2,,,,,,,,No,https://www.ahd.com/search.php?search=North+Star+DeBarr+Residential+Treatment+Center+AK
North Star Palmer Residential Treatment Center,Palmer,AK,30,OWNED,2,,,,,,,,No,https://www.ahd.com/search.php?search=North+Star+Palmer+Residential+Treatment+Center+AK
Oak Plains Academy,Ashland City,TN,60,OWNED,2,1891713624,OAK PLAINS ACADEMY,931-362-4723,1751 OAK PLAINS RD,37015,Psychiatric Residential Treatment Facility,,No,https://www.ahd.com/search.php?search=Oak+Plains+Academy+TN
Okaloosa Youth Academy,Crestview,FL,72,LEASED,2,1841418332,GULF COAST YOUTH SERVICES,850-863-4160,4455 STRAIGHT LINE RD,32539,Custodial Care Facility,,No,https://www.ahd.com/search.php?search=Okaloosa+Youth+Academy+FL
Old Vineyard Behavioral Health Services,Winston-Salem,NC,164,OWNED,2,,,,,,,344038,Yes,https://www.ahd.com/free_profile/344038/Old-Vineyard-Behavioral-Health-Services/Winston-Salem/NC/
Palm Point Behavioral Health,Titusville,FL,74,OWNED,2,1497403562,PALM POINT BEHAVIORAL HEALTH LLC,,2355 TRUMAN SCARBOROUGH WAY,32796,"Psychiatry & Neurology, Psychiatry",,No,https://www.ahd.com/search.php?search=Palm+Point+Behavioral+Health+FL
Palm Shores Behavioral Health Center,Bradenton,FL,65,OWNED,2,,,,,,,104083,Yes,https://www.ahd.com/free_profile/104083/Palm-Shores-Behavioral-Health-Center/Bradenton/FL/
Palmetto Lowcountry Behavioral Health,North Charleston,SC,108,OWNED,2,,,,,,,424011,Yes,https://www.ahd.com/free_profile/424011/Palmetto-Lowcountry-Behavioral-Health/North-Charleston/SC/
Palo Verde Behavioral Health,Tucson,AZ,84,OWNED,2,1194043463,PALO VERDE,520-584-7417,1302 S AVENIDA VEGA,85710,Local Education Agency (LEA),,No,https://www.ahd.com/search.php?search=Palo+Verde+Behavioral+Health+AZ
Parkwood Behavioral Health System,Olive Branch,MS,148,OWNED,2,1558504407,PARKWOOD BEHAVIORAL HEALTH SYSTEM,662-895-4900,8135 GOODMAN RD,38654,Psychiatric Residential Treatment Facility,,No,https://www.ahd.com/search.php?search=Parkwood+Behavioral+Health+System+MS
The Pavilion Behavioral Health System,Champaign,IL,122,OWNED,2,,,,,,,144026,Yes,https://www.ahd.com/free_profile/144026/The-Pavilion-Behavioral-Health-System/Champaign/IL/
Peachford Hospital,Atlanta,GA,246,OWNED,2,,,,,,,114021,Yes,https://www.ahd.com/free_profile/114021/Peachford-Hospital/Atlanta/GA/
Pembroke Hospital,Pembroke,MA,120,OWNED,2,,,,,,,,No,https://www.ahd.com/search.php?search=Pembroke+Hospital+MA
Pinnacle Pointe Behavioral Healthcare System,Little Rock,AR,127,OWNED,2,,,,,,,,No,https://www.ahd.com/search.php?search=Pinnacle+Pointe+Behavioral+Healthcare+System+AR
Poplar Springs Hospital,Petersburg,VA,208,OWNED,2,1720163652,HHC POPLAR SPRINGS HOSPITAL INC,804-733-6874,350 POPLAR DR P O BOX 3060,23805,Counselor,,No,https://www.ahd.com/search.php?search=Poplar+Springs+Hospital+VA
Prairie St John's,Fargo,ND,132,OWNED,2,,,,,,,,No,https://www.ahd.com/search.php?search=Prairie+St+John's+ND
PRIDE Institute,Eden Prairie,MN,42,OWNED,2,1699141358,PRIDE INSTITUTE,952-934-7554,14400 MARTIN DR,55344,Substance Abuse Rehabilitation Facility,,No,https://www.ahd.com/search.php?search=PRIDE+Institute+MN
Provo Canyon School,Provo,UT,250,OWNED,2,1609843523,UHS PROVO CANYON INC,800-848-9819,4501 N UNIVERSITY AVE,84604,Psychiatric Residential Treatment Facility,,No,https://www.ahd.com/search.php?search=Provo+Canyon+School+UT
Psychiatric Institute of Washington,Washington,DC,130,OWNED,2,1801279393,WISCONSIN AVE PSYCHIATRIC CENTER INC,202-885-5600,4228 WISCONSIN AVE NW,20016,"Counselor, Mental Health",,No,https://www.ahd.com/search.php?search=Psychiatric+Institute+of+Washington+DC
Quail Run Behavioral Health,Phoenix,AZ,116,OWNED,2,,,,,,,054084,Yes,https://www.ahd.com/free_profile/054084/Quail-Run-Behavioral-Health/Phoenix/AZ/
The Ridge Behavioral Health System,Lexington,KY,110,OWNED,2,,,,,,,,No,https://www.ahd.com/search.php?search=The+Ridge+Behavioral+Health+System+KY
Rivendell Behavioral Health Hospital,Bowling Green,KY,125,OWNED,2,,,,,,,,No,https://www.ahd.com/search.php?search=Rivendell+Behavioral+Health+Hospital+KY
Rivendell Behavioral Health Services of Arkansas,Benton,AR,80,OWNED,2,,,,,,,,No,https://www.ahd.com/search.php?search=Rivendell+Behavioral+Health+Services+of+Arkansas+AR
River Oaks Hospital,Harahan,LA,126,OWNED,2,,,,,,,194003,Yes,https://www.ahd.com/free_profile/194003/River-Oaks-Hospital/Harahan/LA/
River Park Hospital,Huntington West,VA,187,OWNED,2,,,,,,,474005,Yes,https://www.ahd.com/free_profile/474005/River-Park-Hospital/Huntington-West/VA/
River Point Behavioral Health,Jacksonville,FL,84,OWNED,2,,,,,,,104086,Yes,https://www.ahd.com/free_profile/104086/River-Point-Behavioral-Health/Jacksonville/FL/
River Vista Behavioral Health,Madera,CA,128,OWNED,2,,,,,,,,No,https://www.ahd.com/search.php?search=River+Vista+Behavioral+Health+CA
Riveredge Hospital,Forest Park,IL,210,OWNED,2,1225381106,RIVEREDGE HOSPITAL INC,708-771-7000,8311 W ROOSEVELT ROAD,60130,Psychiatric Residential Treatment Facility,,No,https://www.ahd.com/search.php?search=Riveredge+Hospital+IL
Rockford Center,Newark,DE,148,OWNED,2,1275695355,ROCKFORD CENTER,302-892-4204,100 ROCKFORD DR,19713,Psychiatric Hospital,084002,Yes,https://www.ahd.com/free_profile/084002/Rockford-Center/Newark/DE/
Rolling Hills Hospital,Franklin,TN,130,OWNED,2,1942442710,ROLLING HILLS HOSPITAL LLC,615-312-5700,6640 CAROTHERS PKWY,37067,Psychiatric Hospital,054085,Yes,https://www.ahd.com/free_profile/054085/Rolling-Hills-Hospital/Franklin/TN/
Roxbury Treatment Center,Shippensburg,PA,112,OWNED,2,1295819704,ROXBURY TREATMENT CENTER,717-532-4217,601 ROXBURY RD,17257,Psychiatric Hospital,394030,Yes,https://www.ahd.com/free_profile/394030/Roxbury-Treatment-Center/Shippensburg/PA/
Saint Simons By-The-Sea,Saint Simons Island,GA,101,OWNED,2,,,,,,,,No,https://www.ahd.com/search.php?search=Saint+Simons+By-The-Sea+GA
Salt Lake Behavioral Health,Salt Lake City,UT,118,LEASED,2,1053666883,SALT LAKE BEHAVIORAL HEALTH,801-264-6000,3802 S 700 E,84106,Psychiatric Hospital,464015,Yes,https://www.ahd.com/free_profile/464015/Salt-Lake-Behavioral-Health/Salt-Lake-City/UT/
San Marcos Treatment Center,San Marcos,TX,265,OWNED,2,1942290267,"TEXAS SAN MARCOS TREATMENT CENTER, LP",512-396-8500,120 BERT BROWN ST,78666,Psychiatric Residential Treatment Facility,454092,Yes,https://www.ahd.com/free_profile/454092/San-Marcos-Treatment-Center/San-Marcos/TX/
SandyPines Residential Treatment Center,Jupiter,FL,149,OWNED,2,,,,,,,,No,https://www.ahd.com/search.php?search=SandyPines+Residential+Treatment+Center+FL
Sierra Vista Hospital,Sacramento,CA,171,OWNED,2,1528066685,BHC SIERRA VISTA HOSPITAL INC.,916-288-0300,8001 BRUCEVILLE RD,95823,Psychiatric Hospital,054082,Yes,https://www.ahd.com/free_profile/054082/Sierra-Vista-Hospital/Sacramento/CA/
Skywood Recovery,Augusta,MI,100,OWNED,2,,,,,,,,No,https://www.ahd.com/search.php?search=Skywood+Recovery+MI
Southeast Behavioral Health,Cape Girardeau,MO,102,OWNED,2,,,,,,,,No,https://www.ahd.com/search.php?search=Southeast+Behavioral+Health+MO
Spring Mountain Sahara,Las Vegas,NV,30,OWNED,2,1417312778,SPRING VALLEY MEDICAL CENTER,702-873-2400,5460 W SAHARA AVE,89146,Psychiatric Hospital,294038,Yes,https://www.ahd.com/free_profile/294038/Spring-Mountain-Sahara/Las-Vegas/NV/
Spring Mountain Treatment Center,Las Vegas,NV,110,OWNED,2,1255306270,SPRING VALLEY MEDICAL CENTER,702-873-2400,7000 W SPRING MOUNTAIN RD,89117,Psychiatric Hospital,294037,Yes,https://www.ahd.com/free_profile/294037/Spring-Mountain-Treatment-Center/Las-Vegas/NV/
Springwoods Behavioral Health,Fayetteville,AR,80,OWNED,2,,,,,,,014016,Yes,https://www.ahd.com/free_profile/014016/Springwoods-Behavioral-Health/Fayetteville/AR/
Stonington Institute,North Stonington,CT,64,OWNED,2,,,,,,,,No,https://www.ahd.com/search.php?search=Stonington+Institute+CT
Streamwood Behavioral Healthcare System,Streamwood,IL,178,OWNED,2,1972058568,BHC STREAMWOOD HOSPITAL INC,630-483-5578,1400 E IRVING PARK RD,60107,Clinic/Center,,No,https://www.ahd.com/search.php?search=Streamwood+Behavioral+Healthcare+System+IL
Summit Oaks Hospital,Summit,NJ,126,OWNED,2,1215384862,SUMMIT OAKS HOSPITAL,908-522-7000,19 PROSPECT ST,07901,Psychiatric Unit,,No,https://www.ahd.com/search.php?search=Summit+Oaks+Hospital+NJ
SummitRidge Hospital,Lawrenceville,GA,106,OWNED,2,1033359195,"UHS OF SUMMITRIDGE, LLC",678-442-5900,250 SCENIC HWY,30045,"Psychiatry & Neurology, Psychiatry",114049,Yes,https://www.ahd.com/free_profile/114049/SummitRidge-Hospital/Lawrenceville/GA/
Suncoast Behavioral Health Center,Bradenton,FL,60,OWNED,2,1740600709,"PREMIER BEHAVIORAL SOLUTIONS OF FLORIDA, INC",417-274-9038,4480 51ST ST W,34210,"Psychiatry & Neurology, Psychiatry",104063,Yes,https://www.ahd.com/free_profile/104063/Suncoast-Behavioral-Health-Center/Bradenton/FL/
Texas NeuroRehab Center,Austin,TX,137,OWNED,2,,,,,,,454067,Yes,https://www.ahd.com/free_profile/454067/Texas-NeuroRehab-Center/Austin/TX/
Three Rivers Behavioral Health,West Columbia,SC,129,OWNED,2,1073509055,"THREE RIVERS BEHAVIORAL CARE, LLC",803-796-9911,2900 SUNSET BLVD,29169,"Clinic/Center, Adolescent and Children Mental Health",424012,Yes,https://www.ahd.com/free_profile/424012/Three-Rivers-Behavioral-Health/West-Columbia/SC/
Three Rivers Midlands,West Columbia,SC,64,OWNED,2,1821524067,THREE RIVERS MIDLANDS,803-791-9918,200 ERMINE RD,29170,Psychiatric Residential Treatment Facility,,No,https://www.ahd.com/search.php?search=Three+Rivers+Midlands+SC
Turning Point Care Center,Moultrie,GA,79,OWNED,2,,,,,,,114031,Yes,https://www.ahd.com/free_profile/114031/Turning-Point-Care-Center/Moultrie/GA/
University Behavioral Center,Orlando,FL,112,OWNED,2,1851395263,UNIVERSITY BEHAVIORAL LLC,407-281-7000,2500 DISCOVERY DRIVE,32826,"Psychiatry & Neurology, Psychiatry",104060,Yes,https://www.ahd.com/free_profile/104060/University-Behavioral-Center/Orlando/FL/
University Behavioral Health of Denton,Denton,TX,104,OWNED,2,,,,,,,454108,Yes,https://www.ahd.com/free_profile/454108/University-Behavioral-Health-of-Denton/Denton/TX/
Valle Vista Health System,Greenwood,IN,140,OWNED,2,1467612341,VALLE VISTA LLC,317-887-1348,898 E MAIN ST,46143,Psychiatric Hospital,054083,Yes,https://www.ahd.com/free_profile/054083/Valle-Vista-Health-System/Greenwood/IN/
Valley Hospital,Phoenix,AZ,122,OWNED,2,,,,,,,034023,Yes,https://www.ahd.com/free_profile/034023/Valley-Hospital/Phoenix/AZ/
Via Linda Behavioral Hospital,Scottsdale,AZ,120,LEASED,2,,,,,,,,No,https://www.ahd.com/search.php?search=Via+Linda+Behavioral+Hospital+AZ
The Vines Hospital,Ocala,FL,98,OWNED,2,,,,,,,,No,https://www.ahd.com/search.php?search=The+Vines+Hospital+FL
Virginia Beach Psychiatric Center,Virginia Beach,VA,100,OWNED,2,1326071093,FIRST HOSPITAL CORPORATION OF VIRGINIA BEACH,757-496-6000,1100 FIRST COLONIAL RD,23454,Psychiatric Hospital,494015,Yes,https://www.ahd.com/free_profile/494015/Virginia-Beach-Psychiatric-Center/Virginia-Beach/VA/
Wekiva Springs Center,Jacksonville,FL,120,OWNED,2,1942471065,WEKIVA SPRINGS CENTER LLC,904-296-3533,3947 SALISBURY RD,32216,"Psychiatry & Neurology, Psychiatry",104022,Yes,https://www.ahd.com/free_profile/104022/Wekiva-Springs-Center/Jacksonville/FL/
Wellstone Regional Hospital,Jeffersonville,IN,100,OWNED,2,1376746818,WELLSTONE REGIONAL HOSPITAL,812-284-8000,2700 VISSING PARK RD.,47130,"Clinic/Center, Mental Health (Including Community Mental Health Center)",154051,Yes,https://www.ahd.com/free_profile/154051/Wellstone-Regional-Hospital/Jeffersonville/IN/
West Oaks Hospital,Houston,TX,176,OWNED,2,1598764359,"TEXAS WEST OAKS HOSPITAL, L.P.",713-995-0909,6500 HORNWOOD DR,77074,Psychiatric Hospital,454068,Yes,https://www.ahd.com/free_profile/454068/West-Oaks-Hospital/Houston/TX/
Willow Springs Center,Reno,NV,116,OWNED,2,1790883205,WILLOW SPRINGS LLC,775-789-4245,PO BOX 30012,89520,"Social Worker, Clinical",294040,Yes,https://www.ahd.com/free_profile/294040/Willow-Springs-Center/Reno/NV/
Windmoor Healthcare of Clearwater,Clearwater,FL,144,OWNED,2,1891888558,WINDMOOR HEALTHCARE INC,727-541-2646,11300 US 19 N,33764,"Psychiatry & Neurology, Psychiatry",104070,Yes,https://www.ahd.com/free_profile/104070/Windmoor-Healthcare-of-Clearwater/Clearwater/FL/
Windsor Laurelwood Center for Behavioral Medicine,Willoughby,OH,160,LEASED,2,,,,,,,,No,https://www.ahd.com/search.php?search=Windsor+Laurelwood+Center+for+Behavioral+Medicine+OH
Wyoming Behavioral Institute,Casper,WY,137,OWNED,2,1295709822,"UHS OF WYOMING, INC",307-237-7444,2521 E 15TH ST,82609,"Psychiatry & Neurology, Psychiatry",,No,https://www.ahd.com/search.php?search=Wyoming+Behavioral+Institute+WY
